Type,Name,Request Count,Failure Count,Median Response Time,Average Response Time,Min Response Time,Max Response Time,Average Content Size,Requests/s,Failures/s,50%,66%,75%,80%,90%,95%,98%,99%,99.9%,99.99%,100%
GET,Help Articles,1,0,822.1740410000002,822.1740410000002,822.1740410000002,822.1740410000002,4723.0,0.44482902527037527,0.0,820,820,820,820,820,820,820,820,820,820,820
,Aggregated,1,0,822.1740410000002,822.1740410000002,822.1740410000002,822.1740410000002,4723.0,0.44482902527037527,0.0,820,820,820,820,820,820,820,820,820,820,820
