Type,Name,Request Count,Failure Count,Median Response Time,Average Response Time,Min Response Time,Max Response Time,Average Content Size,Requests/s,Failures/s,50%,66%,75%,80%,90%,95%,98%,99%,99.9%,99.99%,100%
GET,Dashboard,589,589,420.0,539.3382713073167,391.4870000007795,2867.5698999977612,14754.0,6.474433849796383,6.474433849796383,420,440,460,490,850,1200,1800,2300,2900,2900,2900
GET,Help Articles,417,417,420.0,528.8687352517703,391.5257999979076,3006.4332999972976,14774.0,4.583767258684366,4.583767258684366,420,430,450,460,760,1000,2200,2700,3000,3000,3000
POST,PDF Generate,197,0,610.0,1101.1453101522336,572.1493999990344,6855.920800000604,96036.0,2.1654727816806236,0.0,610,950,1300,1600,2100,3200,4300,5300,6900,6900,6900
GET,User Profile,441,441,420.0,552.0428140589996,392.2612000023946,2969.7584999994433,14761.0,4.847581201630229,4.847581201630229,420,440,470,530,880,1300,2000,2400,3000,3000,3000
,Aggregated,1644,1447,420.0,607.4118074817549,391.4870000007795,6855.920800000604,24500.94708029197,18.071255091791603,15.905782310110977,420,460,580,600,1000,1500,2400,2900,5300,6900,6900
